{"cameraMode":{"drawMode":0,"name":"Shaded","section":"Shading Mode"},"sceneLighting":false,"audioPlay":false,"sceneViewState":{"m_AlwaysRefresh":false,"showFog":true,"showSkybox":false,"showFlares":true,"showImageEffects":true,"showParticleSystems":true,"showVisualEffectGraphs":true,"m_FxEnabled":true},"in2DMode":false,"pivot":{"x":54.45851135253906,"y":8.770221710205079,"z":61.900001525878909},"rotation":{"x":-0.18294842541217805,"y":-0.14341317117214204,"z":0.027014993131160737,"w":-0.9722476601600647},"size":11.412522315979004,"orthographic":false}