{"cameraMode":{"drawMode":0,"name":"Shaded","section":"Shading Mode"},"sceneLighting":true,"audioPlay":false,"sceneViewState":{"m_AlwaysRefresh":false,"showFog":true,"showSkybox":true,"showFlares":true,"showImageEffects":true,"showParticleSystems":true,"showVisualEffectGraphs":true,"m_FxEnabled":true},"in2DMode":false,"pivot":{"x":-0.017943033948540689,"y":8.811075210571289,"z":-16.85243797302246},"rotation":{"x":0.0459473580121994,"y":-0.34061115980148318,"z":0.016671957448124887,"w":0.9389363527297974},"size":0.19073891639709474,"orthographic":false}