{"cameraMode":{"drawMode":0,"name":"Shaded","section":"Shading Mode"},"sceneLighting":false,"audioPlay":false,"sceneViewState":{"m_AlwaysRefresh":false,"showFog":true,"showSkybox":false,"showFlares":true,"showImageEffects":true,"showParticleSystems":true,"showVisualEffectGraphs":true,"m_FxEnabled":true},"in2DMode":false,"pivot":{"x":52.862518310546878,"y":10.539999961853028,"z":8.26127815246582},"rotation":{"x":0.050229158252477649,"y":-0.8989942073822022,"z":0.10702484846115112,"w":0.42175763845443728},"size":2.3867175579071047,"orthographic":false}